lg,label,rep,depth,origin,excess,rest,cnt,day
4720.0,1023-447,22,1,new,waste,1280.0,1,0
4940.0,1023-425,23,1,new,waste,1060.0,2,0
4965.0,1023-882,24,1,new,waste,1035.0,3,0
4985.0,1023-666,25,1,new,waste,1015.0,4,0
5100.0,1023-326,26,1,new,waste,900.0,5,0
5385.0,1023-495,27,1,new,waste,615.0,6,0
5445.0,1023-371,28,1,new,waste,555.0,7,0
5500.0,1023-270,29,1,new,waste,500.0,8,0
5500.0,1023-270,30,1,new,waste,500.0,9,0
5615.0,1023-420,31,1,new,waste,385.0,10,0
1265.0,1023-651,1,3,new,,,11,0
1645.0,1023-635,2,3,,,,11,0
1760.0,1023-818,3,3,,s_1m3,1330.0,11,0
1245.0,1023-662,0,2,new,,,12,0
2475.0,1023-750,9,2,,s_2m3,2280.0,12,0
2105.0,1023-721,7,2,new,,,13,0
2465.0,1023-594,8,2,,s_1m3,1430.0,13,0
1805.0,1023-724,4,2,new,,,14,0
2000.0,1023-847,5,2,,s_2m3,2195.0,14,0
3100.0,1023-950,10,1,new,s_2m8,2900.0,15,0
3325.0,1023-400,11,1,new,s_2m8,2675.0,16,0
3650.0,1023-677,12,1,new,s_2m3,2350.0,17,0
3725.0,1023-250,13,1,new,s_2m3,2275.0,18,0
3745.0,1023-442,14,1,new,s_2m3,2255.0,19,0
4015.0,1023-272,18,1,new,s_1m8,1985.0,20,0
4040.0,1023-767,19,1,new,s_1m8,1960.0,21,0
4330.0,1023-798,20,1,new,s_1m8,1670.0,22,0
4425.0,1023-650,21,1,new,s_1m8,1575.0,23,0
3905.0,1023-926,17,1,new,s_2m3,2095.0,24,0
3790.0,1023-696,15,1,new,s_2m3,2210.0,25,0
3870.0,1023-383,16,1,new,s_2m3,2130.0,26,0
4845.0,1023-310,40,1,new,waste,1155.0,1,1
4925.0,1023-490,41,1,new,waste,1075.0,2,1
4925.0,1023-490,42,1,new,waste,1075.0,3,1
4925.0,1023-490,43,1,new,waste,1075.0,4,1
4925.0,1023-490,44,1,new,waste,1075.0,5,1
4925.0,1023-490,45,1,new,waste,1075.0,6,1
4980.0,1023-825,46,1,new,waste,1020.0,7,1
5105.0,1023-770,47,1,new,waste,895.0,8,1
5395.0,1023-323,48,1,new,waste,605.0,9,1
1640.0,1023-474,2,1,s_2m3,waste,250.0,10,1
1810.0,1023-431,3,1,s_2m3,waste,250.0,11,1
1885.0,1023-462,4,1,s_2m3,waste,250.0,12,1
1965.0,1023-785,5,1,s_2m3,waste,250.0,13,1
1165.0,1023-214,0,3,new,,,14,1
1455.0,1023-982,1,3,,,,14,1
2070.0,1023-863,7,3,,s_1m3,1310.0,14,1
2175.0,1023-881,9,2,new,,,15,1
2310.0,1023-478,10,2,,s_1m8,1515.0,15,1
2720.0,1023-898,11,1,new,s_3m3,3280.0,16,1
2745.0,1023-416,12,1,new,s_3m3,3255.0,17,1
2850.0,1023-436,13,1,new,s_3m3,3150.0,18,1
2890.0,1023-381,14,1,new,s_3m3,3110.0,19,1
2890.0,1023-381,15,1,new,s_3m3,3110.0,20,1
3085.0,1023-388,18,1,new,s_2m8,2915.0,21,1
3165.0,1023-385,19,1,new,s_2m8,2835.0,22,1
3165.0,1023-385,20,1,new,s_2m8,2835.0,23,1
3615.0,1023-814,29,1,new,s_2m3,2385.0,24,1
4550.0,1023-838,38,1,new,s_1m3,1450.0,25,1
4555.0,1023-706,39,1,new,s_1m3,1445.0,26,1
2025.0,1023-224,6,2,new,,,27,1
2130.0,1023-916,8,2,,s_1m8,1845.0,27,1
3165.0,1023-385,21,1,new,s_2m8,2835.0,28,1
3165.0,1023-385,22,1,new,s_2m8,2835.0,29,1
3165.0,1023-385,23,1,new,s_2m8,2835.0,30,1
3165.0,1023-385,24,1,new,s_2m8,2835.0,31,1
3165.0,1023-385,25,1,new,s_2m8,2835.0,32,1
3165.0,1023-385,26,1,new,s_2m8,2835.0,33,1
3165.0,1023-385,27,1,new,s_2m8,2835.0,34,1
3165.0,1023-385,28,1,new,s_2m8,2835.0,35,1
3700.0,1023-348,30,1,new,s_2m3,2300.0,36,1
4450.0,1023-675,37,1,new,s_1m8,1550.0,37,1
2890.0,1023-381,16,1,new,s_3m3,3110.0,38,1
2890.0,1023-381,17,1,new,s_3m3,3110.0,39,1
3720.0,1023-941,31,1,new,s_2m3,2280.0,40,1
4280.0,1023-952,32,1,new,s_1m8,1720.0,41,1
4280.0,1023-952,33,1,new,s_1m8,1720.0,42,1
4280.0,1023-952,34,1,new,s_1m8,1720.0,43,1
4280.0,1023-952,35,1,new,s_1m8,1720.0,44,1
4330.0,1023-207,36,1,new,s_1m8,1670.0,45,1
4725.0,1023-494,31,1,new,waste,1275.0,1,2
4725.0,1023-494,32,1,new,waste,1275.0,2,2
4890.0,1023-219,33,1,new,waste,1110.0,3,2
4900.0,1023-664,34,1,new,waste,1100.0,4,2
4940.0,1023-558,35,1,new,waste,1060.0,5,2
5235.0,1023-707,36,1,new,waste,765.0,6,2
5235.0,1023-707,37,1,new,waste,765.0,7,2
5435.0,1023-934,38,1,new,waste,565.0,8,2
950.0,1023-350,0,1,s_1m3,waste,250.0,9,2
1060.0,1023-383,1,1,s_1m8,waste,250.0,10,2
1270.0,1023-387,2,1,s_1m8,waste,250.0,11,2
1340.0,1023-276,3,1,s_1m8,waste,250.0,12,2
1355.0,1023-270,4,1,s_1m8,waste,250.0,13,2
1355.0,1023-270,5,1,s_1m8,waste,250.0,14,2
1355.0,1023-270,6,1,s_1m8,waste,250.0,15,2
1390.0,1023-551,7,1,s_1m8,waste,250.0,16,2
1560.0,1023-316,8,1,s_2m3,waste,250.0,17,2
2105.0,1023-593,9,1,s_2m8,waste,250.0,18,2
2525.0,1023-878,10,1,s_3m3,waste,250.0,19,2
2720.0,1023-975,11,1,s_3m3,waste,250.0,20,2
2875.0,1023-342,12,1,s_3m3,waste,250.0,21,2
3005.0,1023-625,13,1,new,s_2m8,2995.0,22,2
3115.0,1023-460,14,1,new,s_2m8,2885.0,23,2
3150.0,1023-412,15,1,new,s_2m8,2850.0,24,2
3575.0,1023-666,17,1,new,s_2m3,2425.0,25,2
3690.0,1023-966,18,1,new,s_2m3,2310.0,26,2
4020.0,1023-746,21,1,new,s_1m8,1980.0,27,2
4020.0,1023-746,22,1,new,s_1m8,1980.0,28,2
4020.0,1023-746,23,1,new,s_1m8,1980.0,29,2
4020.0,1023-746,24,1,new,s_1m8,1980.0,30,2
4020.0,1023-746,25,1,new,s_1m8,1980.0,31,2
4165.0,1023-479,26,1,new,s_1m8,1835.0,32,2
4165.0,1023-479,27,1,new,s_1m8,1835.0,33,2
4420.0,1023-492,30,1,new,s_1m8,1580.0,34,2
3785.0,1023-821,19,1,new,s_2m3,2215.0,35,2
3885.0,1023-885,20,1,new,s_2m3,2115.0,36,2
4315.0,1023-526,28,1,new,s_1m8,1685.0,37,2
4340.0,1023-583,29,1,new,s_1m8,1660.0,38,2
3315.0,1023-644,16,1,new,waste,2685.0,39,2
4840.0,1023-783,40,1,new,waste,1160.0,1,3
5065.0,1023-586,41,1,new,waste,935.0,2,3
5065.0,1023-586,42,1,new,waste,935.0,3,3
5065.0,1023-586,43,1,new,waste,935.0,4,3
5065.0,1023-586,44,1,new,waste,935.0,5,3
5065.0,1023-586,45,1,new,waste,935.0,6,3
5070.0,1023-460,46,1,new,waste,930.0,7,3
5090.0,1023-917,47,1,new,waste,910.0,8,3
5115.0,1023-208,48,1,new,waste,885.0,9,3
5275.0,1023-672,49,1,new,waste,725.0,10,3
5285.0,1023-451,50,1,new,waste,715.0,11,3
5405.0,1023-386,51,1,new,waste,595.0,12,3
5405.0,1023-386,52,1,new,waste,595.0,13,3
1090.0,1023-299,1,1,s_1m8,waste,250.0,14,3
1095.0,1023-251,2,1,s_1m8,waste,250.0,15,3
1095.0,1023-251,3,1,s_1m8,waste,250.0,16,3
1335.0,1023-284,4,1,s_1m8,waste,250.0,17,3
1630.0,1023-249,5,1,s_2m3,waste,250.0,18,3
1630.0,1023-249,6,1,s_2m3,waste,250.0,19,3
1630.0,1023-249,7,1,s_2m3,waste,250.0,20,3
1630.0,1023-249,8,1,s_2m3,waste,250.0,21,3
1630.0,1023-249,9,1,s_2m3,waste,250.0,22,3
1630.0,1023-249,10,1,s_2m3,waste,250.0,23,3
2275.0,1023-830,13,1,s_2m8,waste,250.0,24,3
2395.0,1023-684,14,1,s_2m8,waste,250.0,25,3
2490.0,1023-933,15,1,s_2m8,waste,250.0,26,3
2490.0,1023-933,16,1,s_2m8,waste,250.0,27,3
2490.0,1023-933,17,1,s_2m8,waste,250.0,28,3
2490.0,1023-933,18,1,s_2m8,waste,250.0,29,3
2490.0,1023-933,19,1,s_2m8,waste,250.0,30,3
1630.0,1023-249,12,2,new,,,31,3
2995.0,1023-506,21,2,,s_1m3,1375.0,31,3
980.0,1023-396,0,2,new,,,32,3
1630.0,1023-249,11,2,,s_3m3,3390.0,32,3
3515.0,1023-404,26,1,new,s_2m3,2485.0,33,3
2635.0,1023-724,20,1,new,s_3m3,3365.0,34,3
3430.0,1023-931,23,1,new,s_2m8,2570.0,35,3
3475.0,1023-611,24,1,new,s_2m8,2525.0,36,3
3500.0,1023-480,25,1,new,s_2m8,2500.0,37,3
3515.0,1023-404,27,1,new,s_2m3,2485.0,38,3
3515.0,1023-404,28,1,new,s_2m3,2485.0,39,3
3515.0,1023-404,29,1,new,s_2m3,2485.0,40,3
3515.0,1023-404,30,1,new,s_2m3,2485.0,41,3
3515.0,1023-404,31,1,new,s_2m3,2485.0,42,3
3645.0,1023-960,32,1,new,s_2m3,2355.0,43,3
4150.0,1023-519,37,1,new,s_1m8,1850.0,44,3
4595.0,1023-689,38,1,new,s_1m3,1405.0,45,3
4605.0,1023-735,39,1,new,s_1m3,1395.0,46,3
3235.0,1023-344,22,1,new,s_2m8,2765.0,47,3
3715.0,1023-955,33,1,new,s_2m3,2285.0,48,3
3755.0,1023-971,34,1,new,s_2m3,2245.0,49,3
3755.0,1023-971,35,1,new,s_2m3,2245.0,50,3
3765.0,1023-452,36,1,new,s_2m3,2235.0,51,3
4785.0,1023-389,30,1,new,waste,1215.0,1,4
4785.0,1023-389,31,1,new,waste,1215.0,2,4
4945.0,1023-355,32,1,new,waste,1055.0,3,4
4965.0,1023-610,33,1,new,waste,1035.0,4,4
5235.0,1023-314,34,1,new,waste,765.0,5,4
5350.0,1023-413,35,1,new,waste,650.0,6,4
5485.0,1023-988,36,1,new,waste,515.0,7,4
5495.0,1023-230,37,1,new,waste,505.0,8,4
5505.0,1023-758,38,1,new,waste,495.0,9,4
5575.0,1023-351,39,1,new,waste,425.0,10,4
5670.0,1023-787,40,1,new,waste,330.0,11,4
1100.0,1023-581,0,1,s_1m8,waste,250.0,12,4
1455.0,1023-229,1,1,s_1m8,waste,250.0,13,4
1455.0,1023-229,2,1,s_1m8,waste,250.0,14,4
1455.0,1023-229,3,1,s_1m8,waste,250.0,15,4
1455.0,1023-229,4,1,s_1m8,waste,250.0,16,4
1455.0,1023-229,5,1,s_1m8,waste,250.0,17,4
1455.0,1023-229,6,1,s_1m8,waste,250.0,18,4
1455.0,1023-229,7,1,s_1m8,waste,250.0,19,4
1505.0,1023-334,11,1,s_2m3,waste,250.0,20,4
1610.0,1023-831,12,1,s_2m3,waste,250.0,21,4
1675.0,1023-468,13,1,s_2m3,waste,250.0,22,4
1755.0,1023-820,14,1,s_2m3,waste,250.0,23,4
1800.0,1023-839,15,1,s_2m3,waste,250.0,24,4
2055.0,1023-300,16,1,s_2m8,waste,250.0,25,4
2125.0,1023-364,17,1,s_2m8,waste,250.0,26,4
2280.0,1023-233,18,1,s_2m8,waste,250.0,27,4
2830.0,1023-323,19,1,s_3m3,waste,250.0,28,4
2830.0,1023-323,20,1,s_3m3,waste,250.0,29,4
1455.0,1023-229,8,3,new,,,30,4
1455.0,1023-229,9,3,,,,30,4
1455.0,1023-229,10,3,,s_1m8,1635.0,30,4
3065.0,1023-974,21,1,new,s_2m8,2935.0,31,4
3500.0,1023-457,24,1,new,s_2m8,2500.0,32,4
3520.0,1023-522,25,1,new,s_2m3,2480.0,33,4
4105.0,1023-493,28,1,new,s_1m8,1895.0,34,4
4440.0,1023-883,29,1,new,s_1m8,1560.0,35,4
3260.0,1023-559,22,1,new,s_2m8,2740.0,36,4
3335.0,1023-721,23,1,new,s_2m8,2665.0,37,4
3725.0,1023-728,26,1,new,s_2m3,2275.0,38,4
3800.0,1023-720,27,1,new,s_2m3,2200.0,39,4
4735.0,1023-222,30,1,new,waste,1265.0,1,5
5440.0,1023-646,31,1,new,waste,560.0,2,5
5460.0,1023-682,32,1,new,waste,540.0,3,5
5495.0,1023-226,33,1,new,waste,505.0,4,5
5690.0,1023-924,34,1,new,waste,310.0,5,5
980.0,1023-287,0,1,s_1m3,waste,250.0,6,5
1105.0,1023-500,1,1,s_1m8,waste,250.0,7,5
1235.0,1023-671,2,1,s_1m8,waste,250.0,8,5
1500.0,1023-343,3,1,s_1m8,waste,250.0,9,5
1525.0,1023-280,7,1,s_2m3,waste,250.0,10,5
1550.0,1023-929,8,1,s_2m3,waste,250.0,11,5
1595.0,1023-338,9,1,s_2m3,waste,250.0,12,5
1610.0,1023-789,10,1,s_2m3,waste,250.0,13,5
1670.0,1023-387,11,1,s_2m3,waste,250.0,14,5
1790.0,1023-219,12,1,s_2m3,waste,250.0,15,5
2005.0,1023-293,13,1,s_2m8,waste,250.0,16,5
2170.0,1023-712,14,1,s_2m8,waste,250.0,17,5
2170.0,1023-712,15,1,s_2m8,waste,250.0,18,5
2240.0,1023-967,16,1,s_2m8,waste,250.0,19,5
2430.0,1023-895,17,1,s_2m8,waste,250.0,20,5
1500.0,1023-343,4,3,new,,,21,5
1500.0,1023-343,5,3,,,,21,5
1500.0,1023-343,6,3,,s_1m8,1500.0,21,5
3010.0,1023-353,18,1,new,s_2m8,2990.0,22,5
3010.0,1023-353,19,1,new,s_2m8,2990.0,23,5
3020.0,1023-859,20,1,new,s_2m8,2980.0,24,5
3075.0,1023-473,21,1,new,s_2m8,2925.0,25,5
3110.0,1023-315,22,1,new,s_2m8,2890.0,26,5
3635.0,1023-804,25,1,new,s_2m3,2365.0,27,5
3635.0,1023-893,26,1,new,s_2m3,2365.0,28,5
4165.0,1023-722,27,1,new,s_1m8,1835.0,29,5
4415.0,1023-747,29,1,new,s_1m8,1585.0,30,5
3245.0,1023-606,23,1,new,s_2m8,2755.0,31,5
3320.0,1023-918,24,1,new,s_2m8,2680.0,32,5
4210.0,1023-737,28,1,new,s_1m8,1790.0,33,5
4810.0,1023-891,34,1,new,waste,1190.0,1,6
4855.0,1023-485,35,1,new,waste,1145.0,2,6
4920.0,1023-612,36,1,new,waste,1080.0,3,6
5025.0,1023-851,37,1,new,waste,975.0,4,6
5500.0,1023-543,38,1,new,waste,500.0,5,6
5500.0,1023-543,39,1,new,waste,500.0,6,6
5660.0,1023-816,40,1,new,waste,340.0,7,6
995.0,1023-855,0,1,s_1m3,waste,250.0,8,6
1130.0,1023-969,1,1,s_1m8,waste,250.0,9,6
1130.0,1023-396,2,1,s_1m8,waste,250.0,10,6
1265.0,1023-459,3,1,s_1m8,waste,250.0,11,6
1545.0,1023-929,4,1,s_2m3,waste,250.0,12,6
1580.0,1023-739,5,1,s_2m3,waste,250.0,13,6
1580.0,1023-739,6,1,s_2m3,waste,250.0,14,6
1715.0,1023-741,7,1,s_2m3,waste,250.0,15,6
1750.0,1023-367,8,1,s_2m3,waste,250.0,16,6
2060.0,1023-618,9,1,s_2m8,waste,250.0,17,6
2190.0,1023-282,10,1,s_2m8,waste,250.0,18,6
2225.0,1023-357,11,1,s_2m8,waste,250.0,19,6
2225.0,1023-357,12,1,s_2m8,waste,250.0,20,6
2535.0,1023-257,13,1,new,s_3m3,3465.0,21,6
3620.0,1023-428,21,1,new,s_2m3,2380.0,22,6
2935.0,1023-804,16,1,new,s_3m3,3065.0,23,6
2940.0,1023-361,17,1,new,s_3m3,3060.0,24,6
2945.0,1023-284,18,1,new,s_3m3,3055.0,25,6
3035.0,1023-434,19,1,new,s_2m8,2965.0,26,6
3410.0,1023-628,20,1,new,s_2m8,2590.0,27,6
4485.0,1023-440,31,1,new,s_1m8,1515.0,28,6
4570.0,1023-705,32,1,new,s_1m3,1430.0,29,6
4615.0,1023-734,33,1,new,s_1m3,1385.0,30,6
2750.0,1023-223,14,1,new,s_3m3,3250.0,31,6
2750.0,1023-223,15,1,new,s_3m3,3250.0,32,6
3745.0,1023-437,22,1,new,s_2m3,2255.0,33,6
4255.0,1023-815,23,1,new,s_1m8,1745.0,34,6
4255.0,1023-815,24,1,new,s_1m8,1745.0,35,6
4255.0,1023-815,25,1,new,s_1m8,1745.0,36,6
4255.0,1023-815,26,1,new,s_1m8,1745.0,37,6
4255.0,1023-815,27,1,new,s_1m8,1745.0,38,6
4255.0,1023-815,28,1,new,s_1m8,1745.0,39,6
4255.0,1023-815,29,1,new,s_1m8,1745.0,40,6
4255.0,1023-815,30,1,new,s_1m8,1745.0,41,6
5095.0,1023-986,29,1,new,waste,905.0,1,7
5145.0,1023-511,30,1,new,waste,855.0,2,7
5145.0,1023-738,31,1,new,waste,855.0,3,7
5165.0,1023-461,32,1,new,waste,835.0,4,7
5225.0,1023-728,33,1,new,waste,775.0,5,7
5335.0,1023-216,34,1,new,waste,665.0,6,7
5560.0,1023-497,35,1,new,waste,440.0,7,7
1025.0,1023-793,0,1,s_1m8,waste,250.0,8,7
1060.0,1023-237,1,1,s_1m8,waste,250.0,9,7
1185.0,1023-963,2,1,s_1m8,waste,250.0,10,7
1355.0,1023-537,3,1,s_1m8,waste,250.0,11,7
1475.0,1023-836,4,1,s_1m8,waste,250.0,12,7
1500.0,1023-391,5,1,s_1m8,waste,250.0,13,7
1505.0,1023-960,6,1,s_2m3,waste,250.0,14,7
1555.0,1023-792,7,1,s_2m3,waste,250.0,15,7
2055.0,1023-616,12,1,s_2m8,waste,250.0,16,7
2510.0,1023-788,13,1,s_3m3,waste,250.0,17,7
2515.0,1023-740,14,1,s_3m3,waste,250.0,18,7
2835.0,1023-636,15,1,s_3m3,waste,250.0,19,7
2835.0,1023-636,16,1,s_3m3,waste,250.0,20,7
2835.0,1023-636,17,1,s_3m3,waste,250.0,21,7
2835.0,1023-636,18,1,s_3m3,waste,250.0,22,7
1610.0,1023-699,8,2,new,,,23,7
1975.0,1023-928,11,2,,s_2m3,2415.0,23,7
2835.0,1023-636,19,1,new,s_3m3,3165.0,24,7
1650.0,1023-602,9,2,new,,,25,7
1845.0,1023-639,10,2,,s_2m8,2505.0,25,7
2915.0,1023-353,22,1,new,s_3m3,3085.0,26,7
3190.0,1023-767,23,1,new,s_2m8,2810.0,27,7
3545.0,1023-547,25,1,new,s_2m3,2455.0,28,7
4655.0,1023-925,28,1,new,s_1m3,1345.0,29,7
2835.0,1023-636,20,1,new,s_3m3,3165.0,30,7
2835.0,1023-636,21,1,new,s_3m3,3165.0,31,7
3305.0,1023-681,24,1,new,s_2m8,2695.0,32,7
3885.0,1023-260,26,1,new,s_2m3,2115.0,33,7
4330.0,1023-852,27,1,new,s_1m8,1670.0,34,7
4705.0,1023-802,37,1,new,waste,1295.0,1,8
4730.0,1023-491,38,1,new,waste,1270.0,2,8
4820.0,1023-852,39,1,new,waste,1180.0,3,8
4820.0,1023-852,40,1,new,waste,1180.0,4,8
4820.0,1023-852,41,1,new,waste,1180.0,5,8
4820.0,1023-852,42,1,new,waste,1180.0,6,8
4820.0,1023-852,43,1,new,waste,1180.0,7,8
4820.0,1023-852,44,1,new,waste,1180.0,8,8
4820.0,1023-852,45,1,new,waste,1180.0,9,8
4820.0,1023-852,46,1,new,waste,1180.0,10,8
4910.0,1023-226,47,1,new,waste,1090.0,11,8
4915.0,1023-509,48,1,new,waste,1085.0,12,8
5140.0,1023-655,49,1,new,waste,860.0,13,8
5500.0,1023-465,50,1,new,waste,500.0,14,8
1315.0,1023-912,0,1,s_1m8,waste,250.0,15,8
1345.0,1023-960,1,1,s_1m8,waste,250.0,16,8
1590.0,1023-462,2,1,s_2m3,waste,250.0,17,8
1810.0,1023-295,3,1,s_2m3,waste,250.0,18,8
1845.0,1023-982,4,1,s_2m3,waste,250.0,19,8
2015.0,1023-933,7,1,s_2m8,waste,250.0,20,8
2635.0,1023-771,8,1,s_3m3,waste,250.0,21,8
2710.0,1023-412,9,1,s_3m3,waste,250.0,22,8
2785.0,1023-467,10,1,s_3m3,waste,250.0,23,8
2825.0,1023-613,11,1,s_3m3,waste,250.0,24,8
1845.0,1023-982,5,2,new,,,25,8
1880.0,1023-590,6,2,,s_2m3,2275.0,25,8
2850.0,1023-222,12,1,new,s_3m3,3150.0,26,8
2915.0,1023-279,13,1,new,s_3m3,3085.0,27,8
2915.0,1023-279,14,1,new,s_3m3,3085.0,28,8
2915.0,1023-279,15,1,new,s_3m3,3085.0,29,8
2915.0,1023-279,16,1,new,s_3m3,3085.0,30,8
2915.0,1023-279,17,1,new,s_3m3,3085.0,31,8
2915.0,1023-279,18,1,new,s_3m3,3085.0,32,8
2915.0,1023-279,19,1,new,s_3m3,3085.0,33,8
3545.0,1023-768,21,1,new,s_2m3,2455.0,34,8
3910.0,1023-254,23,1,new,s_2m3,2090.0,35,8
3970.0,1023-444,24,1,new,s_2m3,2030.0,36,8
3970.0,1023-444,25,1,new,s_2m3,2030.0,37,8
3970.0,1023-444,26,1,new,s_2m3,2030.0,38,8
3970.0,1023-444,27,1,new,s_2m3,2030.0,39,8
3970.0,1023-444,28,1,new,s_2m3,2030.0,40,8
3970.0,1023-444,29,1,new,s_2m3,2030.0,41,8
3970.0,1023-444,30,1,new,s_2m3,2030.0,42,8
3970.0,1023-444,31,1,new,s_2m3,2030.0,43,8
4480.0,1023-831,35,1,new,s_1m8,1520.0,44,8
4580.0,1023-585,36,1,new,s_1m3,1420.0,45,8
3365.0,1023-711,20,1,new,s_2m8,2635.0,46,8
4255.0,1023-859,32,1,new,s_1m8,1745.0,47,8
4285.0,1023-601,33,1,new,s_1m8,1715.0,48,8
4285.0,1023-352,34,1,new,s_1m8,1715.0,49,8
3720.0,1023-800,22,1,new,waste,2280.0,50,8
5090.0,1023-861,29,1,new,waste,910.0,1,9
5340.0,1023-605,30,1,new,waste,660.0,2,9
5340.0,1023-605,31,1,new,waste,660.0,3,9
5370.0,1023-687,32,1,new,waste,630.0,4,9
5440.0,1023-361,33,1,new,waste,560.0,5,9
5540.0,1023-638,34,1,new,waste,460.0,6,9
5640.0,1023-726,35,1,new,waste,360.0,7,9
5680.0,1023-211,36,1,new,waste,320.0,8,9
955.0,1023-585,0,1,s_1m3,waste,250.0,9,9
1030.0,1023-769,1,1,s_1m8,waste,250.0,10,9
1090.0,1023-353,2,1,s_1m8,waste,250.0,11,9
1150.0,1023-901,3,1,s_1m8,waste,250.0,12,9
1530.0,1023-325,4,1,s_2m3,waste,250.0,13,9
1575.0,1023-884,5,1,s_2m3,waste,250.0,14,9
1595.0,1023-853,6,1,s_2m3,waste,250.0,15,9
1615.0,1023-436,7,1,s_2m3,waste,250.0,16,9
1795.0,1023-357,8,1,s_2m3,waste,250.0,17,9
1825.0,1023-631,9,1,s_2m3,waste,250.0,18,9
1905.0,1023-430,10,1,s_2m3,waste,250.0,19,9
2025.0,1023-603,11,1,s_2m8,waste,250.0,20,9
2025.0,1023-682,12,1,s_2m8,waste,250.0,21,9
2290.0,1023-360,13,1,s_2m8,waste,250.0,22,9
2300.0,1023-420,14,1,s_2m8,waste,250.0,23,9
2475.0,1023-952,15,1,s_2m8,waste,250.0,24,9
2865.0,1023-438,16,1,s_3m3,waste,250.0,25,9
2885.0,1023-279,17,1,s_3m3,waste,250.0,26,9
3135.0,1023-231,18,1,new,s_2m8,2865.0,27,9
3135.0,1023-231,19,1,new,s_2m8,2865.0,28,9
3135.0,1023-231,20,1,new,s_2m8,2865.0,29,9
3135.0,1023-231,21,1,new,s_2m8,2865.0,30,9
3135.0,1023-231,22,1,new,s_2m8,2865.0,31,9
3510.0,1023-239,25,1,new,s_2m3,2490.0,32,9
3510.0,1023-239,26,1,new,s_2m3,2490.0,33,9
3855.0,1023-719,27,1,new,s_2m3,2145.0,34,9
4280.0,1023-819,28,1,new,s_1m8,1720.0,35,9
3360.0,1023-970,24,1,new,waste,2640.0,36,9
3135.0,1023-231,23,1,new,waste,2865.0,37,9
4935.0,1023-496,29,1,new,waste,1065.0,1,10
5245.0,1023-985,30,1,new,waste,755.0,2,10
5420.0,1023-733,31,1,new,waste,580.0,3,10
5530.0,1023-564,32,1,new,waste,470.0,4,10
5650.0,1023-648,33,1,new,waste,350.0,5,10
5665.0,1023-553,34,1,new,waste,335.0,6,10
1010.0,1023-371,0,1,s_1m8,waste,250.0,7,10
1105.0,1023-310,1,1,s_1m8,waste,250.0,8,10
1225.0,1023-873,2,1,s_1m8,waste,250.0,9,10
1440.0,1023-732,3,1,s_1m8,waste,250.0,10,10
1440.0,1023-732,4,1,s_1m8,waste,250.0,11,10
1540.0,1023-649,6,1,s_2m3,waste,250.0,12,10
1645.0,1023-932,7,1,s_2m3,waste,250.0,13,10
1670.0,1023-951,8,1,s_2m3,waste,250.0,14,10
1740.0,1023-533,9,1,s_2m3,waste,250.0,15,10
2105.0,1023-787,10,1,s_2m8,waste,250.0,16,10
2205.0,1023-492,11,1,s_2m8,waste,250.0,17,10
2505.0,1023-585,12,1,s_3m3,waste,250.0,18,10
2600.0,1023-777,13,1,s_3m3,waste,250.0,19,10
4085.0,1023-795,22,1,new,s_1m8,1915.0,20,10
1440.0,1023-732,5,2,new,,,21,10
3070.0,1023-955,14,2,,s_1m3,1490.0,21,10
3675.0,1023-751,17,1,new,s_2m3,2325.0,22,10
3930.0,1023-409,19,1,new,s_2m3,2070.0,23,10
3930.0,1023-409,20,1,new,s_2m3,2070.0,24,10
3930.0,1023-409,21,1,new,s_2m3,2070.0,25,10
4430.0,1023-613,23,1,new,s_1m8,1570.0,26,10
4560.0,1023-978,24,1,new,s_1m3,1440.0,27,10
4605.0,1023-841,25,1,new,s_1m3,1395.0,28,10
4605.0,1023-841,26,1,new,s_1m3,1395.0,29,10
4665.0,1023-625,27,1,new,s_1m3,1335.0,30,10
4680.0,1023-469,28,1,new,s_1m3,1320.0,31,10
3205.0,1023-881,15,1,new,s_2m8,2795.0,32,10
3395.0,1023-256,16,1,new,s_2m8,2605.0,33,10
3840.0,1023-826,18,1,new,s_2m3,2160.0,34,10
4920.0,1023-594,40,1,new,waste,1080.0,1,11
5150.0,1023-569,41,1,new,waste,850.0,2,11
5180.0,1023-809,42,1,new,waste,820.0,3,11
5215.0,1023-234,43,1,new,waste,785.0,4,11
5370.0,1023-957,44,1,new,waste,630.0,5,11
1030.0,1023-222,0,1,s_1m8,waste,250.0,6,11
1120.0,1023-428,1,1,s_1m8,waste,250.0,7,11
1850.0,1023-462,4,1,s_2m3,waste,250.0,8,11
1950.0,1023-750,5,1,s_2m3,waste,250.0,9,11
1980.0,1023-506,6,1,s_2m3,waste,250.0,10,11
2040.0,1023-644,7,1,s_2m8,waste,250.0,11,11
2080.0,1023-815,8,1,s_2m8,waste,250.0,12,11
2105.0,1023-849,9,1,s_2m8,waste,250.0,13,11
2300.0,1023-516,10,1,s_2m8,waste,250.0,14,11
2335.0,1023-978,11,1,s_2m8,waste,250.0,15,11
2380.0,1023-307,12,1,s_2m8,waste,250.0,16,11
2380.0,1023-307,13,1,s_2m8,waste,250.0,17,11
2380.0,1023-307,14,1,s_2m8,waste,250.0,18,11
2380.0,1023-307,15,1,s_2m8,waste,250.0,19,11
2380.0,1023-307,16,1,s_2m8,waste,250.0,20,11
2380.0,1023-307,17,1,s_2m8,waste,250.0,21,11
2575.0,1023-295,18,1,s_3m3,waste,250.0,22,11
2740.0,1023-933,19,1,s_3m3,waste,250.0,23,11
2860.0,1023-799,20,1,s_3m3,waste,250.0,24,11
1335.0,1023-743,2,2,s_3m3,,,25,11
1425.0,1023-384,3,2,,waste,250.0,25,11
3125.0,1023-618,21,1,new,s_2m8,2875.0,26,11
3125.0,1023-618,22,1,new,s_2m8,2875.0,27,11
3655.0,1023-534,34,1,new,s_2m3,2345.0,28,11
3690.0,1023-501,35,1,new,s_2m3,2310.0,29,11
3935.0,1023-634,38,1,new,s_2m3,2065.0,30,11
4525.0,1023-533,39,1,new,s_1m3,1475.0,31,11
3275.0,1023-414,23,1,new,s_2m8,2725.0,32,11
3275.0,1023-414,24,1,new,s_2m8,2725.0,33,11
3275.0,1023-414,25,1,new,s_2m8,2725.0,34,11
3275.0,1023-414,26,1,new,s_2m8,2725.0,35,11
3275.0,1023-414,27,1,new,s_2m8,2725.0,36,11
3275.0,1023-414,28,1,new,s_2m8,2725.0,37,11
3275.0,1023-414,29,1,new,s_2m8,2725.0,38,11
3275.0,1023-414,30,1,new,s_2m8,2725.0,39,11
3275.0,1023-414,31,1,new,s_2m8,2725.0,40,11
3865.0,1023-419,36,1,new,s_2m3,2135.0,41,11
3890.0,1023-680,37,1,new,s_2m3,2110.0,42,11
3340.0,1023-642,33,1,new,waste,2660.0,43,11
3275.0,1023-414,32,1,new,waste,2725.0,44,11
4880.0,1023-880,42,1,new,waste,1120.0,1,12
5010.0,1023-802,43,1,new,waste,990.0,2,12
5120.0,1023-723,44,1,new,waste,880.0,3,12
5190.0,1023-460,45,1,new,waste,810.0,4,12
5325.0,1023-631,46,1,new,waste,675.0,5,12
5475.0,1023-211,47,1,new,waste,525.0,6,12
5565.0,1023-500,48,1,new,waste,435.0,7,12
1540.0,1023-589,3,1,s_2m3,waste,250.0,8,12
1600.0,1023-904,4,1,s_2m3,waste,250.0,9,12
1620.0,1023-541,5,1,s_2m3,waste,250.0,10,12
1755.0,1023-934,6,1,s_2m3,waste,250.0,11,12
1865.0,1023-636,7,1,s_2m3,waste,250.0,12,12
1865.0,1023-636,8,1,s_2m3,waste,250.0,13,12
1865.0,1023-636,9,1,s_2m3,waste,250.0,14,12
1865.0,1023-636,10,1,s_2m3,waste,250.0,15,12
2015.0,1023-323,11,1,s_2m8,waste,250.0,16,12
2065.0,1023-566,12,1,s_2m8,waste,250.0,17,12
2150.0,1023-956,13,1,s_2m8,waste,250.0,18,12
1085.0,1023-759,0,2,s_2m8,,,19,12
1350.0,1023-497,1,2,,waste,250.0,19,12
1455.0,1023-761,2,2,new,,,20,12
2815.0,1023-378,18,2,,s_1m8,1730.0,20,12
2700.0,1023-256,14,1,new,s_3m3,3300.0,21,12
3090.0,1023-558,19,1,new,s_2m8,2910.0,22,12
3160.0,1023-609,20,1,new,s_2m8,2840.0,23,12
3515.0,1023-493,21,1,new,s_2m3,2485.0,24,12
3515.0,1023-493,22,1,new,s_2m3,2485.0,25,12
3515.0,1023-493,23,1,new,s_2m3,2485.0,26,12
3515.0,1023-493,24,1,new,s_2m3,2485.0,27,12
3515.0,1023-493,25,1,new,s_2m3,2485.0,28,12
3515.0,1023-493,26,1,new,s_2m3,2485.0,29,12
3515.0,1023-493,27,1,new,s_2m3,2485.0,30,12
3515.0,1023-493,28,1,new,s_2m3,2485.0,31,12
3515.0,1023-493,29,1,new,s_2m3,2485.0,32,12
4065.0,1023-258,32,1,new,s_1m8,1935.0,33,12
4130.0,1023-763,33,1,new,s_1m8,1870.0,34,12
2715.0,1023-861,15,1,new,s_3m3,3285.0,35,12
2730.0,1023-294,16,1,new,s_3m3,3270.0,36,12
2775.0,1023-564,17,1,new,s_3m3,3225.0,37,12
4285.0,1023-693,34,1,new,s_1m8,1715.0,38,12
4285.0,1023-693,35,1,new,s_1m8,1715.0,39,12
4285.0,1023-693,36,1,new,s_1m8,1715.0,40,12
4285.0,1023-693,37,1,new,s_1m8,1715.0,41,12
4285.0,1023-693,38,1,new,s_1m8,1715.0,42,12
4285.0,1023-693,39,1,new,s_1m8,1715.0,43,12
4285.0,1023-693,40,1,new,s_1m8,1715.0,44,12
4285.0,1023-693,41,1,new,s_1m8,1715.0,45,12
3680.0,1023-225,31,1,new,waste,2320.0,46,12
3515.0,1023-493,30,1,new,waste,2485.0,47,12
4850.0,1023-696,31,1,new,waste,1150.0,1,13
5205.0,1023-411,32,1,new,waste,795.0,2,13
5230.0,1023-934,33,1,new,waste,770.0,3,13
5260.0,1023-231,34,1,new,waste,740.0,4,13
5425.0,1023-861,35,1,new,waste,575.0,5,13
5530.0,1023-493,36,1,new,waste,470.0,6,13
1435.0,1023-614,0,1,s_1m8,waste,250.0,7,13
1520.0,1023-585,1,1,s_2m3,waste,250.0,8,13
1535.0,1023-686,2,1,s_2m3,waste,250.0,9,13
2090.0,1023-302,3,1,s_2m8,waste,250.0,10,13
2100.0,1023-927,4,1,s_2m8,waste,250.0,11,13
2125.0,1023-966,5,1,s_2m8,waste,250.0,12,13
2135.0,1023-968,6,1,s_2m8,waste,250.0,13,13
2250.0,1023-662,7,1,s_2m8,waste,250.0,14,13
2255.0,1023-865,8,1,s_2m8,waste,250.0,15,13
2460.0,1023-266,9,1,s_2m8,waste,250.0,16,13
2745.0,1023-743,10,1,s_3m3,waste,250.0,17,13
2825.0,1023-571,11,1,s_3m3,waste,250.0,18,13
3175.0,1023-904,12,1,new,s_2m8,2825.0,19,13
3460.0,1023-432,15,1,new,s_2m8,2540.0,20,13
3460.0,1023-432,16,1,new,s_2m8,2540.0,21,13
3460.0,1023-432,17,1,new,s_2m8,2540.0,22,13
3460.0,1023-432,18,1,new,s_2m8,2540.0,23,13
3460.0,1023-432,19,1,new,s_2m8,2540.0,24,13
3460.0,1023-432,20,1,new,s_2m8,2540.0,25,13
3460.0,1023-432,21,1,new,s_2m8,2540.0,26,13
3460.0,1023-432,22,1,new,s_2m8,2540.0,27,13
3910.0,1023-543,24,1,new,s_2m3,2090.0,28,13
4115.0,1023-979,25,1,new,s_1m8,1885.0,29,13
4695.0,1023-634,30,1,new,waste,1305.0,30,13
4630.0,1023-538,29,1,new,waste,1370.0,31,13
4625.0,1023-815,28,1,new,waste,1375.0,32,13
4525.0,1023-357,27,1,new,waste,1475.0,33,13
4135.0,1023-893,26,1,new,waste,1865.0,34,13
3490.0,1023-835,23,1,new,waste,2510.0,35,13
3355.0,1023-394,14,1,new,waste,2645.0,36,13
3340.0,1023-625,13,1,new,waste,2660.0,37,13
4745.0,1023-522,24,1,new,waste,1255.0,1,14
4870.0,1023-456,25,1,new,waste,1130.0,2,14
4900.0,1023-543,26,1,new,waste,1100.0,3,14
4900.0,1023-543,27,1,new,waste,1100.0,4,14
4900.0,1023-543,28,1,new,waste,1100.0,5,14
4900.0,1023-543,29,1,new,waste,1100.0,6,14
4900.0,1023-543,30,1,new,waste,1100.0,7,14
4900.0,1023-543,31,1,new,waste,1100.0,8,14
4900.0,1023-543,32,1,new,waste,1100.0,9,14
4900.0,1023-543,33,1,new,waste,1100.0,10,14
5290.0,1023-975,34,1,new,waste,710.0,11,14
5305.0,1023-858,35,1,new,waste,695.0,12,14
5360.0,1023-897,36,1,new,waste,640.0,13,14
5460.0,1023-206,37,1,new,waste,540.0,14,14
1020.0,1023-414,0,1,s_1m8,waste,250.0,15,14
1140.0,1023-675,1,1,s_1m8,waste,250.0,16,14
1160.0,1023-244,2,1,s_1m8,waste,250.0,17,14
1265.0,1023-499,3,1,s_1m8,waste,250.0,18,14
1480.0,1023-968,4,1,s_1m8,waste,250.0,19,14
1505.0,1023-709,5,1,s_2m3,waste,250.0,20,14
1695.0,1023-934,6,1,s_2m3,waste,250.0,21,14
1720.0,1023-379,7,1,s_2m3,waste,250.0,22,14
1860.0,1023-907,8,1,s_2m3,waste,250.0,23,14
2165.0,1023-788,9,1,s_2m8,waste,250.0,24,14
2200.0,1023-596,10,1,s_2m8,waste,250.0,25,14
2565.0,1023-905,11,1,s_3m3,waste,250.0,26,14
2780.0,1023-313,12,1,s_3m3,waste,250.0,27,14
2825.0,1023-854,13,1,new,s_3m3,3175.0,28,14
3105.0,1023-284,14,1,new,s_2m8,2895.0,29,14
3430.0,1023-619,16,1,new,s_2m8,2570.0,30,14
3570.0,1023-877,18,1,new,s_2m3,2430.0,31,14
3570.0,1023-877,19,1,new,s_2m3,2430.0,32,14
3605.0,1023-750,20,1,new,s_2m3,2395.0,33,14
4445.0,1023-362,23,1,new,s_1m8,1555.0,34,14
3790.0,1023-564,21,1,new,s_2m3,2210.0,35,14
4375.0,1023-824,22,1,new,s_1m8,1625.0,36,14
3435.0,1023-705,17,1,new,waste,2565.0,37,14
3290.0,1023-359,15,1,new,waste,2710.0,38,14
5290.0,1023-506,31,1,new,waste,710.0,1,15
5290.0,1023-506,32,1,new,waste,710.0,2,15
5290.0,1023-506,33,1,new,waste,710.0,3,15
5290.0,1023-506,34,1,new,waste,710.0,4,15
5290.0,1023-506,35,1,new,waste,710.0,5,15
5345.0,1023-766,36,1,new,waste,655.0,6,15
5365.0,1023-272,37,1,new,waste,635.0,7,15
955.0,1023-330,0,1,s_1m3,waste,250.0,8,15
960.0,1023-691,1,1,s_1m3,waste,250.0,9,15
1360.0,1023-277,2,1,s_1m8,waste,250.0,10,15
1545.0,1023-727,3,1,s_2m3,waste,250.0,11,15
1845.0,1023-764,4,1,s_2m3,waste,250.0,12,15
1880.0,1023-961,5,1,s_2m3,waste,250.0,13,15
1880.0,1023-961,6,1,s_2m3,waste,250.0,14,15
1880.0,1023-961,7,1,s_2m3,waste,250.0,15,15
1880.0,1023-961,8,1,s_2m3,waste,250.0,16,15
2180.0,1023-520,9,1,s_2m8,waste,250.0,17,15
2285.0,1023-597,10,1,s_2m8,waste,250.0,18,15
2285.0,1023-597,11,1,s_2m8,waste,250.0,19,15
2370.0,1023-306,12,1,s_2m8,waste,250.0,20,15
2430.0,1023-920,13,1,s_2m8,waste,250.0,21,15
2465.0,1023-502,14,1,s_2m8,waste,250.0,22,15
2475.0,1023-446,15,1,s_2m8,waste,250.0,23,15
2875.0,1023-754,16,1,s_3m3,waste,250.0,24,15
2990.0,1023-702,17,1,new,s_3m3,3010.0,25,15
3140.0,1023-740,18,1,new,s_2m8,2860.0,26,15
3425.0,1023-551,22,1,new,s_2m8,2575.0,27,15
3470.0,1023-512,23,1,new,s_2m8,2530.0,28,15
3475.0,1023-675,24,1,new,s_2m8,2525.0,29,15
3570.0,1023-543,25,1,new,s_2m3,2430.0,30,15
3935.0,1023-245,27,1,new,s_2m3,2065.0,31,15
4520.0,1023-857,28,1,new,s_1m3,1480.0,32,15
4535.0,1023-643,29,1,new,s_1m3,1465.0,33,15
3255.0,1023-931,19,1,new,s_2m8,2745.0,34,15
3280.0,1023-847,20,1,new,s_2m8,2720.0,35,15
3290.0,1023-314,21,1,new,s_2m8,2710.0,36,15
3900.0,1023-213,26,1,new,s_2m3,2100.0,37,15
4650.0,1023-267,30,1,new,waste,1350.0,38,15
5375.0,1023-395,40,1,new,waste,625.0,1,16
5375.0,1023-395,41,1,new,waste,625.0,2,16
5500.0,1023-317,42,1,new,waste,500.0,3,16
5620.0,1023-223,43,1,new,waste,380.0,4,16
5670.0,1023-694,44,1,new,waste,330.0,5,16
5700.0,1023-917,45,1,new,waste,300.0,6,16
975.0,1023-438,0,1,s_1m3,waste,250.0,7,16
1380.0,1023-471,1,1,s_1m8,waste,250.0,8,16
1380.0,1023-471,2,1,s_1m8,waste,250.0,9,16
1380.0,1023-471,3,1,s_1m8,waste,250.0,10,16
1380.0,1023-471,4,1,s_1m8,waste,250.0,11,16
1380.0,1023-471,5,1,s_1m8,waste,250.0,12,16
1380.0,1023-471,6,1,s_1m8,waste,250.0,13,16
1380.0,1023-471,7,1,s_1m8,waste,250.0,14,16
1590.0,1023-904,10,1,s_2m3,waste,250.0,15,16
1910.0,1023-697,11,1,s_2m3,waste,250.0,16,16
2185.0,1023-543,12,1,s_2m8,waste,250.0,17,16
2235.0,1023-669,13,1,s_2m8,waste,250.0,18,16
2655.0,1023-540,14,1,s_3m3,waste,250.0,19,16
1380.0,1023-471,8,2,new,,,20,16
1500.0,1023-737,9,2,,s_3m3,3120.0,20,16
4060.0,1023-898,34,1,new,s_1m8,1940.0,21,16
3405.0,1023-629,29,1,new,s_2m8,2595.0,22,16
3520.0,1023-720,30,1,new,s_2m3,2480.0,23,16
3970.0,1023-361,33,1,new,s_2m3,2030.0,24,16
4185.0,1023-298,35,1,new,s_1m8,1815.0,25,16
4520.0,1023-711,38,1,new,s_1m3,1480.0,26,16
2830.0,1023-254,15,1,new,s_3m3,3170.0,27,16
2875.0,1023-741,16,1,new,s_3m3,3125.0,28,16
3250.0,1023-918,17,1,new,s_2m8,2750.0,29,16
3715.0,1023-759,31,1,new,s_2m3,2285.0,30,16
3795.0,1023-607,32,1,new,s_2m3,2205.0,31,16
4215.0,1023-488,36,1,new,s_1m8,1785.0,32,16
4260.0,1023-362,37,1,new,s_1m8,1740.0,33,16
4620.0,1023-232,39,1,new,waste,1380.0,34,16
3370.0,1023-614,28,1,new,waste,2630.0,35,16
3345.0,1023-743,25,1,new,waste,2655.0,36,16
3345.0,1023-743,26,1,new,waste,2655.0,37,16
3345.0,1023-743,27,1,new,waste,2655.0,38,16
3250.0,1023-918,18,1,new,waste,2750.0,39,16
3250.0,1023-918,19,1,new,waste,2750.0,40,16
3250.0,1023-794,20,1,new,waste,2750.0,41,16
3250.0,1023-918,21,1,new,waste,2750.0,42,16
3250.0,1023-918,22,1,new,waste,2750.0,43,16
3250.0,1023-918,23,1,new,waste,2750.0,44,16
3250.0,1023-918,24,1,new,waste,2750.0,45,16
4750.0,1023-915,35,1,new,waste,1250.0,1,17
4750.0,1023-915,36,1,new,waste,1250.0,2,17
4750.0,1023-915,37,1,new,waste,1250.0,3,17
4750.0,1023-915,38,1,new,waste,1250.0,4,17
4750.0,1023-915,39,1,new,waste,1250.0,5,17
4750.0,1023-915,40,1,new,waste,1250.0,6,17
4750.0,1023-915,41,1,new,waste,1250.0,7,17
4750.0,1023-915,42,1,new,waste,1250.0,8,17
4750.0,1023-752,43,1,new,waste,1250.0,9,17
4750.0,1023-915,44,1,new,waste,1250.0,10,17
4790.0,1023-310,45,1,new,waste,1210.0,11,17
4845.0,1023-341,46,1,new,waste,1155.0,12,17
4965.0,1023-446,47,1,new,waste,1035.0,13,17
4965.0,1023-446,48,1,new,waste,1035.0,14,17
4965.0,1023-446,49,1,new,waste,1035.0,15,17
4965.0,1023-446,50,1,new,waste,1035.0,16,17
4975.0,1023-488,51,1,new,waste,1025.0,17,17
4980.0,1023-428,52,1,new,waste,1020.0,18,17
5160.0,1023-480,53,1,new,waste,840.0,19,17
5165.0,1023-346,54,1,new,waste,835.0,20,17
5275.0,1023-583,55,1,new,waste,725.0,21,17
5310.0,1023-674,56,1,new,waste,690.0,22,17
5545.0,1023-328,57,1,new,waste,455.0,23,17
5570.0,1023-492,58,1,new,waste,430.0,24,17
5685.0,1023-372,59,1,new,waste,315.0,25,17
1070.0,1023-217,0,1,s_1m8,waste,250.0,26,17
1070.0,1023-217,1,1,s_1m8,waste,250.0,27,17
1070.0,1023-217,2,1,s_1m8,waste,250.0,28,17
1070.0,1023-217,3,1,s_1m8,waste,250.0,29,17
1770.0,1023-466,12,1,s_2m3,waste,250.0,30,17
1790.0,1023-876,13,1,s_2m3,waste,250.0,31,17
1915.0,1023-625,14,1,s_2m3,waste,250.0,32,17
2465.0,1023-692,15,1,s_2m8,waste,250.0,33,17
2570.0,1023-938,16,1,s_3m3,waste,250.0,34,17
1070.0,1023-217,4,2,s_2m8,,,35,17
1070.0,1023-217,5,2,,waste,250.0,35,17
1070.0,1023-217,6,2,s_2m8,,,36,17
1070.0,1023-217,7,2,,waste,250.0,36,17
1070.0,1023-217,8,2,s_2m8,,,37,17
1070.0,1023-217,9,2,,waste,250.0,37,17
1095.0,1023-736,10,2,s_2m8,,,38,17
1095.0,1023-736,11,2,,waste,250.0,38,17
4135.0,1023-779,22,1,new,s_1m8,1865.0,39,17
3675.0,1023-329,18,1,new,s_2m3,2325.0,40,17
3960.0,1023-246,21,1,new,s_2m3,2040.0,41,17
4425.0,1023-701,33,1,new,s_1m8,1575.0,42,17
3280.0,1023-718,17,1,new,s_2m8,2720.0,43,17
3710.0,1023-240,19,1,new,s_2m3,2290.0,44,17
3775.0,1023-935,20,1,new,s_2m3,2225.0,45,17
4350.0,1023-795,23,1,new,s_1m8,1650.0,46,17
4350.0,1023-795,24,1,new,s_1m8,1650.0,47,17
4350.0,1023-795,25,1,new,s_1m8,1650.0,48,17
4350.0,1023-795,26,1,new,s_1m8,1650.0,49,17
4350.0,1023-795,27,1,new,s_1m8,1650.0,50,17
4350.0,1023-795,28,1,new,s_1m8,1650.0,51,17
4350.0,1023-795,29,1,new,s_1m8,1650.0,52,17
4350.0,1023-795,30,1,new,s_1m8,1650.0,53,17
4350.0,1023-795,31,1,new,s_1m8,1650.0,54,17
4670.0,1023-989,34,1,new,waste,1330.0,55,17
4350.0,1023-795,32,1,new,waste,1650.0,56,17
5305.0,1023-481,31,1,new,waste,695.0,1,18
5315.0,1023-935,32,1,new,waste,685.0,2,18
5315.0,1023-935,33,1,new,waste,685.0,3,18
5315.0,1023-935,34,1,new,waste,685.0,4,18
5315.0,1023-935,35,1,new,waste,685.0,5,18
5315.0,1023-935,36,1,new,waste,685.0,6,18
5315.0,1023-935,37,1,new,waste,685.0,7,18
5355.0,1023-251,38,1,new,waste,645.0,8,18
5410.0,1023-433,39,1,new,waste,590.0,9,18
5450.0,1023-409,40,1,new,waste,550.0,10,18
5460.0,1023-349,41,1,new,waste,540.0,11,18
5670.0,1023-340,42,1,new,waste,330.0,12,18
975.0,1023-801,0,1,s_1m3,waste,250.0,13,18
1065.0,1023-443,1,1,s_1m8,waste,250.0,14,18
1155.0,1023-834,2,1,s_1m8,waste,250.0,15,18
1355.0,1023-568,3,1,s_1m8,waste,250.0,16,18
1455.0,1023-872,4,1,s_1m8,waste,250.0,17,18
2000.0,1023-913,5,1,s_2m3,waste,250.0,18,18
2140.0,1023-681,6,1,s_2m8,waste,250.0,19,18
2240.0,1023-410,7,1,s_2m8,waste,250.0,20,18
2805.0,1023-780,8,1,s_3m3,waste,250.0,21,18
2880.0,1023-912,9,1,s_3m3,waste,250.0,22,18
2950.0,1023-583,10,1,new,s_3m3,3050.0,23,18
3070.0,1023-659,11,1,new,s_2m8,2930.0,24,18
3070.0,1023-325,12,1,new,s_2m8,2930.0,25,18
3075.0,1023-248,13,1,new,s_2m8,2925.0,26,18
3095.0,1023-857,14,1,new,s_2m8,2905.0,27,18
3180.0,1023-496,15,1,new,s_2m8,2820.0,28,18
3200.0,1023-485,16,1,new,s_2m8,2800.0,29,18
4000.0,1023-978,19,1,new,s_2m3,2000.0,30,18
4000.0,1023-978,20,1,new,s_2m3,2000.0,31,18
4090.0,1023-835,28,1,new,s_1m8,1910.0,32,18
4555.0,1023-209,29,1,new,s_1m3,1445.0,33,18
4580.0,1023-274,30,1,new,waste,1420.0,34,18
4000.0,1023-978,21,1,new,waste,2000.0,35,18
4000.0,1023-978,22,1,new,waste,2000.0,36,18
4000.0,1023-978,23,1,new,waste,2000.0,37,18
4000.0,1023-978,24,1,new,waste,2000.0,38,18
4000.0,1023-978,25,1,new,waste,2000.0,39,18
4000.0,1023-978,26,1,new,waste,2000.0,40,18
4000.0,1023-978,27,1,new,waste,2000.0,41,18
3880.0,1023-847,18,1,new,waste,2120.0,42,18
3765.0,1023-884,17,1,new,waste,2235.0,43,18
4760.0,1023-720,23,1,new,waste,1240.0,1,19
4820.0,1023-940,24,1,new,waste,1180.0,2,19
5010.0,1023-737,25,1,new,waste,990.0,3,19
5485.0,1023-429,26,1,new,waste,515.0,4,19
5540.0,1023-704,27,1,new,waste,460.0,5,19
5555.0,1023-760,28,1,new,waste,445.0,6,19
5655.0,1023-617,29,1,new,waste,345.0,7,19
1305.0,1023-310,0,1,s_1m8,waste,250.0,8,19
1445.0,1023-371,1,1,s_1m8,waste,250.0,9,19
1575.0,1023-469,2,1,s_2m3,waste,250.0,10,19
1680.0,1023-910,3,1,s_2m3,waste,250.0,11,19
1925.0,1023-512,4,1,s_2m3,waste,250.0,12,19
2155.0,1023-779,5,1,s_2m8,waste,250.0,13,19
2260.0,1023-235,6,1,s_2m8,waste,250.0,14,19
2455.0,1023-771,7,1,s_2m8,waste,250.0,15,19
2490.0,1023-450,8,1,s_2m8,waste,250.0,16,19
2535.0,1023-484,9,1,s_3m3,waste,250.0,17,19
2715.0,1023-747,10,1,new,s_3m3,3285.0,18,19
2945.0,1023-675,15,1,new,s_3m3,3055.0,19,19
3455.0,1023-807,17,1,new,s_2m8,2545.0,20,19
3605.0,1023-981,18,1,new,s_2m3,2395.0,21,19
4200.0,1023-727,20,1,new,s_1m8,1800.0,22,19
2735.0,1023-803,11,1,new,s_3m3,3265.0,23,19
2775.0,1023-522,12,1,new,s_3m3,3225.0,24,19
2845.0,1023-799,13,1,new,s_3m3,3155.0,25,19
2895.0,1023-650,14,1,new,s_3m3,3105.0,26,19
3280.0,1023-378,16,1,new,s_2m8,2720.0,27,19
3855.0,1023-972,19,1,new,s_2m3,2145.0,28,19
4575.0,1023-206,22,1,new,waste,1425.0,29,19
4570.0,1023-500,21,1,new,waste,1430.0,30,19
4710.0,1023-844,48,1,new,waste,1290.0,1,20
5210.0,1023-558,49,1,new,waste,790.0,2,20
5520.0,1023-548,50,1,new,waste,480.0,3,20
1030.0,1023-687,0,1,s_1m8,waste,250.0,4,20
1125.0,1023-297,1,1,s_1m8,waste,250.0,5,20
1170.0,1023-268,2,1,s_1m8,waste,250.0,6,20
1225.0,1023-290,3,1,s_1m8,waste,250.0,7,20
1460.0,1023-351,4,1,s_1m8,waste,250.0,8,20
1770.0,1023-809,5,1,s_2m3,waste,250.0,9,20
1855.0,1023-782,6,1,s_2m3,waste,250.0,10,20
2110.0,1023-881,7,1,s_2m8,waste,250.0,11,20
2195.0,1023-771,8,1,s_2m8,waste,250.0,12,20
2380.0,1023-559,9,1,s_2m8,waste,250.0,13,20
2425.0,1023-236,10,1,s_2m8,waste,250.0,14,20
2425.0,1023-236,11,1,s_2m8,waste,250.0,15,20
2600.0,1023-333,12,1,s_3m3,waste,250.0,16,20
2610.0,1023-805,13,1,s_3m3,waste,250.0,17,20
2655.0,1023-943,14,1,s_3m3,waste,250.0,18,20
2655.0,1023-943,15,1,s_3m3,waste,250.0,19,20
2655.0,1023-943,16,1,s_3m3,waste,250.0,20,20
2655.0,1023-943,17,1,s_3m3,waste,250.0,21,20
2655.0,1023-943,18,1,new,s_3m3,3345.0,22,20
2655.0,1023-943,19,1,new,s_3m3,3345.0,23,20
2655.0,1023-943,20,1,new,s_3m3,3345.0,24,20
2655.0,1023-943,21,1,new,s_3m3,3345.0,25,20
2655.0,1023-943,22,1,new,s_3m3,3345.0,26,20
2695.0,1023-875,23,1,new,s_3m3,3305.0,27,20
2975.0,1023-877,34,1,new,s_3m3,3025.0,28,20
3485.0,1023-695,36,1,new,s_2m8,2515.0,29,20
3580.0,1023-387,37,1,new,s_2m3,2420.0,30,20
3615.0,1023-810,38,1,new,s_2m3,2385.0,31,20
3645.0,1023-505,39,1,new,s_2m3,2355.0,32,20
4100.0,1023-243,40,1,new,s_1m8,1900.0,33,20
4100.0,1023-243,41,1,new,s_1m8,1900.0,34,20
4100.0,1023-243,42,1,new,s_1m8,1900.0,35,20
4100.0,1023-243,43,1,new,s_1m8,1900.0,36,20
4475.0,1023-342,45,1,new,s_1m8,1525.0,37,20
2810.0,1023-677,24,1,new,s_3m3,3190.0,38,20
2810.0,1023-677,25,1,new,s_3m3,3190.0,39,20
2810.0,1023-677,26,1,new,s_3m3,3190.0,40,20
2810.0,1023-677,27,1,new,s_3m3,3190.0,41,20
3300.0,1023-903,35,1,new,s_2m8,2700.0,42,20
4285.0,1023-565,44,1,new,s_1m8,1715.0,43,20
2810.0,1023-677,28,2,new,,,44,20
2810.0,1023-677,29,2,,waste,380.0,44,20
2810.0,1023-677,30,2,new,,,45,20
2810.0,1023-677,31,2,,waste,380.0,45,20
2810.0,1023-677,32,2,new,,,46,20
2810.0,1023-677,33,2,,waste,380.0,46,20
4635.0,1023-441,47,1,new,waste,1365.0,47,20
4510.0,1023-224,46,1,new,waste,1490.0,48,20
4995.0,1023-684,25,1,new,waste,1005.0,1,21
5085.0,1023-871,26,1,new,waste,915.0,2,21
5115.0,1023-617,27,1,new,waste,885.0,3,21
5285.0,1023-896,28,1,new,waste,715.0,4,21
5295.0,1023-845,29,1,new,waste,705.0,5,21
5295.0,1023-845,30,1,new,waste,705.0,6,21
5310.0,1023-640,31,1,new,waste,690.0,7,21
5395.0,1023-788,32,1,new,waste,605.0,8,21
5395.0,1023-788,33,1,new,waste,605.0,9,21
5640.0,1023-523,34,1,new,waste,360.0,10,21
5640.0,1023-523,35,1,new,waste,360.0,11,21
5670.0,1023-858,36,1,new,waste,330.0,12,21
1105.0,1023-383,0,1,s_1m8,waste,250.0,13,21
1105.0,1023-383,1,1,s_1m8,waste,250.0,14,21
1105.0,1023-383,2,1,s_1m8,waste,250.0,15,21
1315.0,1023-282,3,1,s_1m8,waste,250.0,16,21
1445.0,1023-245,4,1,s_1m8,waste,250.0,17,21
1610.0,1023-611,5,1,s_2m3,waste,250.0,18,21
1680.0,1023-642,6,1,s_2m3,waste,250.0,19,21
2000.0,1023-363,7,1,s_2m3,waste,250.0,20,21
2275.0,1023-346,8,1,s_2m8,waste,250.0,21,21
2415.0,1023-623,9,1,s_2m8,waste,250.0,22,21
2645.0,1023-539,10,1,s_3m3,waste,250.0,23,21
2975.0,1023-866,11,1,s_3m3,waste,250.0,24,21
3020.0,1023-560,12,1,new,s_2m8,2980.0,25,21
3470.0,1023-635,14,1,new,s_2m8,2530.0,26,21
4050.0,1023-421,20,1,new,s_1m8,1950.0,27,21
4110.0,1023-878,21,1,new,s_1m8,1890.0,28,21
4140.0,1023-547,22,1,new,s_1m8,1860.0,29,21
3330.0,1023-855,13,1,new,s_2m8,2670.0,30,21
3735.0,1023-629,15,1,new,s_2m3,2265.0,31,21
3880.0,1023-716,16,1,new,s_2m3,2120.0,32,21
3880.0,1023-716,17,1,new,s_2m3,2120.0,33,21
4590.0,1023-925,24,1,new,waste,1410.0,34,21
4575.0,1023-744,23,1,new,waste,1425.0,35,21
3895.0,1023-689,18,1,new,waste,2105.0,36,21
3895.0,1023-689,19,1,new,waste,2105.0,37,21
5270.0,1023-960,37,1,new,waste,730.0,1,22
5460.0,1023-787,38,1,new,waste,540.0,2,22
5460.0,1023-787,39,1,new,waste,540.0,3,22
5590.0,1023-414,40,1,new,waste,410.0,4,22
1085.0,1023-923,0,1,s_1m8,waste,250.0,5,22
1235.0,1023-831,1,1,s_1m8,waste,250.0,6,22
1235.0,1023-831,2,1,s_1m8,waste,250.0,7,22
1235.0,1023-831,3,1,s_1m8,waste,250.0,8,22
1235.0,1023-831,4,1,s_1m8,waste,250.0,9,22
1235.0,1023-831,5,1,s_1m8,waste,250.0,10,22
1635.0,1023-952,12,1,s_2m3,waste,250.0,11,22
1860.0,1023-895,13,1,s_2m3,waste,250.0,12,22
2090.0,1023-534,14,1,s_2m8,waste,250.0,13,22
2155.0,1023-743,15,1,s_2m8,waste,250.0,14,22
2225.0,1023-877,16,1,s_2m8,waste,250.0,15,22
2275.0,1023-243,17,1,s_2m8,waste,250.0,16,22
2600.0,1023-339,18,1,s_3m3,waste,250.0,17,22
2800.0,1023-740,19,1,s_3m3,waste,250.0,18,22
2805.0,1023-332,20,1,s_3m3,waste,250.0,19,22
2830.0,1023-650,21,1,s_3m3,waste,250.0,20,22
2970.0,1023-670,22,1,s_3m3,waste,250.0,21,22
1235.0,1023-831,6,2,s_2m8,,,22,22
1235.0,1023-831,7,2,,waste,250.0,22,22
1235.0,1023-831,8,2,s_2m8,,,23,22
1235.0,1023-831,9,2,,waste,250.0,23,22
1475.0,1023-663,10,2,s_3m3,,,24,22
1500.0,1023-635,11,2,,waste,250.0,24,22
4205.0,1023-752,33,1,new,s_1m8,1795.0,25,22
3520.0,1023-524,27,1,new,s_2m3,2480.0,26,22
3585.0,1023-886,28,1,new,s_2m3,2415.0,27,22
3265.0,1023-984,23,1,new,s_2m8,2735.0,28,22
3295.0,1023-916,24,1,new,s_2m8,2705.0,29,22
3315.0,1023-291,25,1,new,s_2m8,2685.0,30,22
3350.0,1023-440,26,1,new,s_2m8,2650.0,31,22
4205.0,1023-752,34,1,new,s_1m8,1795.0,32,22
4270.0,1023-564,35,1,new,s_1m8,1730.0,33,22
4275.0,1023-610,36,1,new,s_1m8,1725.0,34,22
3770.0,1023-573,32,1,new,waste,2230.0,35,22
3650.0,1023-919,31,1,new,waste,2350.0,36,22
3620.0,1023-973,30,1,new,waste,2380.0,37,22
3585.0,1023-886,29,1,new,waste,2415.0,38,22
4835.0,1023-660,43,1,new,waste,1165.0,1,23
5115.0,1023-667,44,1,new,waste,885.0,2,23
5270.0,1023-805,45,1,new,waste,730.0,3,23
5460.0,1023-765,46,1,new,waste,540.0,4,23
5515.0,1023-275,47,1,new,waste,485.0,5,23
5630.0,1023-417,48,1,new,waste,370.0,6,23
970.0,1023-587,0,1,s_1m3,waste,250.0,7,23
1255.0,1023-774,1,1,s_1m8,waste,250.0,8,23
1410.0,1023-888,2,1,s_1m8,waste,250.0,9,23
1550.0,1023-803,3,1,s_2m3,waste,250.0,10,23
1745.0,1023-878,4,1,s_2m3,waste,250.0,11,23
2050.0,1023-934,5,1,s_2m8,waste,250.0,12,23
2065.0,1023-293,6,1,s_2m8,waste,250.0,13,23
2130.0,1023-544,7,1,s_2m8,waste,250.0,14,23
2370.0,1023-813,8,1,s_2m8,waste,250.0,15,23
2875.0,1023-443,9,1,s_3m3,waste,250.0,16,23
2875.0,1023-443,10,1,s_3m3,waste,250.0,17,23
2875.0,1023-443,11,1,s_3m3,waste,250.0,18,23
2875.0,1023-443,12,1,new,s_3m3,3125.0,19,23
3045.0,1023-914,16,1,new,s_2m8,2955.0,20,23
3065.0,1023-852,17,1,new,s_2m8,2935.0,21,23
3655.0,1023-420,29,1,new,s_2m3,2345.0,22,23
3660.0,1023-590,30,1,new,s_2m3,2340.0,23,23
4440.0,1023-724,42,1,new,s_1m8,1560.0,24,23
2875.0,1023-443,13,1,new,s_3m3,3125.0,25,23
2875.0,1023-443,14,1,new,s_3m3,3125.0,26,23
2895.0,1023-537,15,1,new,s_3m3,3105.0,27,23
3215.0,1023-843,18,1,new,s_2m8,2785.0,28,23
3295.0,1023-688,19,1,new,s_2m8,2705.0,29,23
3330.0,1023-450,20,1,new,s_2m8,2670.0,30,23
3400.0,1023-212,21,1,new,s_2m8,2600.0,31,23
3400.0,1023-212,22,1,new,s_2m8,2600.0,32,23
3400.0,1023-212,23,1,new,s_2m8,2600.0,33,23
3400.0,1023-212,24,1,new,s_2m8,2600.0,34,23
3400.0,1023-212,25,1,new,s_2m8,2600.0,35,23
4290.0,1023-336,32,1,new,s_1m8,1710.0,36,23
4390.0,1023-505,33,1,new,s_1m8,1610.0,37,23
4395.0,1023-235,34,1,new,s_1m8,1605.0,38,23
4395.0,1023-235,35,1,new,s_1m8,1605.0,39,23
4395.0,1023-235,36,1,new,s_1m8,1605.0,40,23
4395.0,1023-235,37,1,new,s_1m8,1605.0,41,23
4395.0,1023-235,38,1,new,s_1m8,1605.0,42,23
4395.0,1023-235,39,1,new,s_1m8,1605.0,43,23
4395.0,1023-235,40,1,new,waste,1605.0,44,23
4395.0,1023-235,41,1,new,waste,1605.0,45,23
3980.0,1023-345,31,1,new,waste,2020.0,46,23
3400.0,1023-212,26,1,new,waste,2600.0,47,23
3400.0,1023-212,27,1,new,waste,2600.0,48,23
3400.0,1023-212,28,1,new,waste,2600.0,49,23
4820.0,1023-792,31,1,new,waste,1180.0,1,24
5080.0,1023-875,32,1,new,waste,920.0,2,24
5310.0,1023-349,33,1,new,waste,690.0,3,24
5310.0,1023-349,34,1,new,waste,690.0,4,24
5665.0,1023-897,35,1,new,waste,335.0,5,24
5670.0,1023-543,36,1,new,waste,330.0,6,24
5690.0,1023-663,37,1,new,waste,310.0,7,24
1115.0,1023-965,0,1,s_1m8,waste,250.0,8,24
1125.0,1023-634,1,1,s_1m8,waste,250.0,9,24
1180.0,1023-721,2,1,s_1m8,waste,250.0,10,24
1290.0,1023-901,3,1,s_1m8,waste,250.0,11,24
1300.0,1023-738,4,1,s_1m8,waste,250.0,12,24
1705.0,1023-670,5,1,s_2m3,waste,250.0,13,24
1830.0,1023-532,6,1,s_2m3,waste,250.0,14,24
1910.0,1023-662,7,1,s_2m3,waste,250.0,15,24
2065.0,1023-756,8,1,s_2m8,waste,250.0,16,24
2120.0,1023-527,9,1,s_2m8,waste,250.0,17,24
2130.0,1023-409,10,1,s_2m8,waste,250.0,18,24
2550.0,1023-895,11,1,s_3m3,waste,250.0,19,24
2760.0,1023-782,12,1,s_3m3,waste,250.0,20,24
2760.0,1023-782,13,1,s_3m3,waste,250.0,21,24
2975.0,1023-592,14,1,s_3m3,waste,250.0,22,24
2975.0,1023-592,15,1,new,s_3m3,3025.0,23,24
2975.0,1023-592,16,1,new,s_3m3,3025.0,24,24
2975.0,1023-592,17,1,new,s_3m3,3025.0,25,24
2975.0,1023-592,18,1,new,s_3m3,3025.0,26,24
2975.0,1023-592,19,1,new,s_3m3,3025.0,27,24
3035.0,1023-639,20,1,new,s_2m8,2965.0,28,24
3945.0,1023-227,25,1,new,s_2m3,2055.0,29,24
4105.0,1023-830,26,1,new,s_1m8,1895.0,30,24
4570.0,1023-641,28,1,new,s_1m3,1430.0,31,24
3275.0,1023-499,21,1,new,s_2m8,2725.0,32,24
3305.0,1023-375,22,1,new,s_2m8,2695.0,33,24
4375.0,1023-985,27,1,new,s_1m8,1625.0,34,24
4670.0,1023-580,29,1,new,waste,1330.0,35,24
4670.0,1023-580,30,1,new,waste,1330.0,36,24
3355.0,1023-581,24,1,new,waste,2645.0,37,24
3345.0,1023-206,23,1,new,waste,2655.0,38,24
4815.0,1023-905,45,1,new,waste,1185.0,1,25
5065.0,1023-907,46,1,new,waste,935.0,2,25
5310.0,1023-845,47,1,new,waste,690.0,3,25
1570.0,1023-445,0,1,s_2m3,waste,250.0,4,25
1600.0,1023-782,1,1,s_2m3,waste,250.0,5,25
1640.0,1023-704,2,1,s_2m3,waste,250.0,6,25
1895.0,1023-941,3,1,s_2m3,waste,250.0,7,25
1955.0,1023-901,4,1,s_2m3,waste,250.0,8,25
1965.0,1023-839,5,1,s_2m3,waste,250.0,9,25
1980.0,1023-255,6,1,s_2m3,waste,250.0,10,25
2045.0,1023-712,7,1,s_2m8,waste,250.0,11,25
2210.0,1023-395,8,1,s_2m8,waste,250.0,12,25
2210.0,1023-395,9,1,s_2m8,waste,250.0,13,25
2210.0,1023-395,10,1,s_2m8,waste,250.0,14,25
2215.0,1023-864,11,1,s_2m8,waste,250.0,15,25
2320.0,1023-923,12,1,s_2m8,waste,250.0,16,25
2430.0,1023-396,13,1,s_2m8,waste,250.0,17,25
2470.0,1023-667,14,1,s_2m8,waste,250.0,18,25
2495.0,1023-663,15,1,s_2m8,waste,250.0,19,25
2550.0,1023-818,16,1,s_3m3,waste,250.0,20,25
2775.0,1023-295,17,1,s_3m3,waste,250.0,21,25
3200.0,1023-239,18,1,new,s_2m8,2800.0,22,25
3465.0,1023-257,25,1,new,s_2m8,2535.0,23,25
3595.0,1023-541,26,1,new,s_2m3,2405.0,24,25
4185.0,1023-695,28,1,new,s_1m8,1815.0,25,25
4185.0,1023-695,29,1,new,s_1m8,1815.0,26,25
4185.0,1023-695,30,1,new,s_1m8,1815.0,27,25
3400.0,1023-741,19,1,new,s_2m8,2600.0,28,25
3400.0,1023-741,20,1,new,s_2m8,2600.0,29,25
3400.0,1023-741,21,1,new,s_2m8,2600.0,30,25
3400.0,1023-741,22,1,new,s_2m8,2600.0,31,25
3400.0,1023-741,23,1,new,s_2m8,2600.0,32,25
3400.0,1023-741,24,1,new,s_2m8,2600.0,33,25
3895.0,1023-375,27,1,new,s_2m3,2105.0,34,25
4685.0,1023-447,43,1,new,waste,1315.0,35,25
4685.0,1023-447,44,1,new,waste,1315.0,36,25
4665.0,1023-273,42,1,new,waste,1335.0,37,25
4420.0,1023-290,41,1,new,waste,1580.0,38,25
4370.0,1023-646,39,1,new,waste,1630.0,39,25
4370.0,1023-646,40,1,new,waste,1630.0,40,25
4315.0,1023-778,31,1,new,waste,1685.0,41,25
4315.0,1023-778,32,1,new,waste,1685.0,42,25
4315.0,1023-778,33,1,new,waste,1685.0,43,25
4315.0,1023-778,34,1,new,waste,1685.0,44,25
4315.0,1023-778,35,1,new,waste,1685.0,45,25
4315.0,1023-778,36,1,new,waste,1685.0,46,25
4315.0,1023-778,37,1,new,waste,1685.0,47,25
4315.0,1023-778,38,1,new,waste,1685.0,48,25
4715.0,1023-209,46,1,new,waste,1285.0,1,26
5130.0,1023-942,47,1,new,waste,870.0,2,26
5130.0,1023-942,48,1,new,waste,870.0,3,26
5280.0,1023-299,49,1,new,waste,720.0,4,26
5490.0,1023-940,50,1,new,waste,510.0,5,26
5505.0,1023-715,51,1,new,waste,495.0,6,26
985.0,1023-758,0,1,s_1m3,waste,250.0,7,26
1100.0,1023-783,1,1,s_1m8,waste,250.0,8,26
1135.0,1023-297,2,1,s_1m8,waste,250.0,9,26
1260.0,1023-592,3,1,s_1m8,waste,250.0,10,26
1445.0,1023-272,4,1,s_1m8,waste,250.0,11,26
1445.0,1023-272,5,1,s_1m8,waste,250.0,12,26
1445.0,1023-272,6,1,s_1m8,waste,250.0,13,26
1445.0,1023-272,7,1,s_1m8,waste,250.0,14,26
1445.0,1023-272,8,1,s_1m8,waste,250.0,15,26
1445.0,1023-272,9,1,s_1m8,waste,250.0,16,26
1445.0,1023-272,10,1,s_1m8,waste,250.0,17,26
1505.0,1023-375,11,1,s_2m3,waste,250.0,18,26
1635.0,1023-382,12,1,s_2m3,waste,250.0,19,26
1665.0,1023-502,13,1,s_2m3,waste,250.0,20,26
1770.0,1023-373,14,1,s_2m3,waste,250.0,21,26
2240.0,1023-827,16,1,s_2m8,waste,250.0,22,26
2320.0,1023-962,17,1,s_2m8,waste,250.0,23,26
2430.0,1023-318,18,1,s_2m8,waste,250.0,24,26
2880.0,1023-306,19,1,s_3m3,waste,250.0,25,26
2880.0,1023-306,20,1,s_3m3,waste,250.0,26,26
2880.0,1023-306,21,1,s_3m3,waste,250.0,27,26
2880.0,1023-306,22,1,new,s_3m3,3120.0,28,26
3630.0,1023-637,29,1,new,s_2m3,2370.0,29,26
4000.0,1023-782,30,1,new,s_2m3,2000.0,30,26
4060.0,1023-214,31,1,new,s_1m8,1940.0,31,26
4070.0,1023-961,32,1,new,s_1m8,1930.0,32,26
4115.0,1023-839,33,1,new,s_1m8,1885.0,33,26
4185.0,1023-970,34,1,new,s_1m8,1815.0,34,26
4185.0,1023-970,35,1,new,s_1m8,1815.0,35,26
4185.0,1023-970,36,1,new,s_1m8,1815.0,36,26
4185.0,1023-970,37,1,new,s_1m8,1815.0,37,26
4185.0,1023-970,38,1,new,s_1m8,1815.0,38,26
4185.0,1023-970,39,1,new,s_1m8,1815.0,39,26
4185.0,1023-970,40,1,new,s_1m8,1815.0,40,26
4555.0,1023-682,44,1,new,s_1m3,1445.0,41,26
2880.0,1023-306,23,1,new,s_3m3,3120.0,42,26
2880.0,1023-306,24,1,new,s_3m3,3120.0,43,26
2880.0,1023-306,25,1,new,s_3m3,3120.0,44,26
2880.0,1023-306,26,1,new,s_3m3,3120.0,45,26
2880.0,1023-306,27,1,new,s_3m3,3120.0,46,26
3395.0,1023-694,28,1,new,s_2m8,2605.0,47,26
4575.0,1023-485,45,1,new,waste,1425.0,48,26
4370.0,1023-638,43,1,new,waste,1630.0,49,26
4310.0,1023-208,42,1,new,waste,1690.0,50,26
4185.0,1023-970,41,1,new,waste,1815.0,51,26
4915.0,1023-848,26,1,new,waste,1085.0,1,27
5190.0,1023-642,27,1,new,waste,810.0,2,27
5220.0,1023-917,28,1,new,waste,780.0,3,27
5335.0,1023-426,29,1,new,waste,665.0,4,27
5415.0,1023-513,30,1,new,waste,585.0,5,27
5510.0,1023-323,31,1,new,waste,490.0,6,27
1135.0,1023-292,0,1,s_1m8,waste,250.0,7,27
1315.0,1023-365,1,1,s_1m8,waste,250.0,8,27
1595.0,1023-627,2,1,s_2m3,waste,250.0,9,27
1620.0,1023-551,3,1,s_2m3,waste,250.0,10,27
2105.0,1023-445,9,1,s_2m8,waste,250.0,11,27
2200.0,1023-858,10,1,s_2m8,waste,250.0,12,27
2270.0,1023-859,11,1,s_2m8,waste,250.0,13,27
2765.0,1023-547,12,1,s_3m3,waste,250.0,14,27
2800.0,1023-314,13,1,s_3m3,waste,250.0,15,27
2970.0,1023-268,14,1,s_3m3,waste,250.0,16,27
2975.0,1023-417,15,1,s_3m3,waste,250.0,17,27
2975.0,1023-417,16,1,s_3m3,waste,250.0,18,27
1695.0,1023-608,4,2,new,,,19,27
1890.0,1023-347,7,2,,s_2m3,2415.0,19,27
1695.0,1023-608,5,2,new,,,20,27
1740.0,1023-597,6,2,,s_2m8,2565.0,20,27
3200.0,1023-453,17,1,new,s_2m8,2800.0,21,27
3410.0,1023-512,19,1,new,s_2m8,2590.0,22,27
3615.0,1023-591,20,1,new,s_2m3,2385.0,23,27
3980.0,1023-690,21,1,new,s_2m3,2020.0,24,27
3980.0,1023-756,22,1,new,s_2m3,2020.0,25,27
4045.0,1023-208,23,1,new,s_1m8,1955.0,26,27
4055.0,1023-620,24,1,new,s_1m8,1945.0,27,27
3260.0,1023-356,18,1,new,s_2m8,2740.0,28,27
4280.0,1023-630,25,1,new,waste,1720.0,29,27
5365.0,1023-871,27,1,new,waste,635.0,1,28
5440.0,1023-546,28,1,new,waste,560.0,2,28
5540.0,1023-526,29,1,new,waste,460.0,3,28
5585.0,1023-950,30,1,new,waste,415.0,4,28
950.0,1023-851,0,1,s_1m3,waste,250.0,5,28
1045.0,1023-469,1,1,s_1m8,waste,250.0,6,28
1225.0,1023-820,2,1,s_1m8,waste,250.0,7,28
1725.0,1023-644,3,1,s_2m3,waste,250.0,8,28
1800.0,1023-483,4,1,s_2m3,waste,250.0,9,28
1815.0,1023-420,5,1,s_2m3,waste,250.0,10,28
2025.0,1023-981,6,1,s_2m8,waste,250.0,11,28
2030.0,1023-566,7,1,s_2m8,waste,250.0,12,28
2105.0,1023-418,8,1,s_2m8,waste,250.0,13,28
2175.0,1023-762,9,1,s_2m8,waste,250.0,14,28
2185.0,1023-567,10,1,s_2m8,waste,250.0,15,28
2185.0,1023-567,11,1,s_2m8,waste,250.0,16,28
2285.0,1023-692,12,1,s_2m8,waste,250.0,17,28
2345.0,1023-278,13,1,s_2m8,waste,250.0,18,28
2715.0,1023-413,14,1,s_3m3,waste,250.0,19,28
2970.0,1023-979,15,1,new,s_3m3,3030.0,20,28
3155.0,1023-742,16,1,new,s_2m8,2845.0,21,28
3165.0,1023-311,17,1,new,s_2m8,2835.0,22,28
3430.0,1023-735,18,1,new,s_2m8,2570.0,23,28
3545.0,1023-716,19,1,new,s_2m3,2455.0,24,28
3935.0,1023-827,21,1,new,s_2m3,2065.0,25,28
4075.0,1023-368,22,1,new,s_1m8,1925.0,26,28
4090.0,1023-870,23,1,new,s_1m8,1910.0,27,28
4645.0,1023-331,26,1,new,s_1m3,1355.0,28,28
3755.0,1023-511,20,1,new,s_2m3,2245.0,29,28
4320.0,1023-873,25,1,new,waste,1680.0,30,28
4165.0,1023-219,24,1,new,waste,1835.0,31,28
4925.0,1023-586,23,1,new,waste,1075.0,1,29
5050.0,1023-980,24,1,new,waste,950.0,2,29
5115.0,1023-725,25,1,new,waste,885.0,3,29
5135.0,1023-210,26,1,new,waste,865.0,4,29
5305.0,1023-258,27,1,new,waste,695.0,5,29
5385.0,1023-471,28,1,new,waste,615.0,6,29
5415.0,1023-592,29,1,new,waste,585.0,7,29
5575.0,1023-685,30,1,new,waste,425.0,8,29
1010.0,1023-357,0,1,s_1m8,waste,250.0,9,29
1170.0,1023-643,1,1,s_1m8,waste,250.0,10,29
1230.0,1023-600,2,1,s_1m8,waste,250.0,11,29
1400.0,1023-283,3,1,s_1m8,waste,250.0,12,29
1485.0,1023-811,4,1,s_1m8,waste,250.0,13,29
1485.0,1023-811,5,1,s_1m8,waste,250.0,14,29
1545.0,1023-347,6,1,s_2m3,waste,250.0,15,29
2345.0,1023-618,7,1,s_2m8,waste,250.0,16,29
2425.0,1023-355,8,1,s_2m8,waste,250.0,17,29
2465.0,1023-895,9,1,s_2m8,waste,250.0,18,29
2520.0,1023-656,10,1,s_3m3,waste,250.0,19,29
2600.0,1023-826,11,1,new,s_3m3,3400.0,20,29
2930.0,1023-754,14,1,new,s_3m3,3070.0,21,29
3535.0,1023-228,17,1,new,s_2m3,2465.0,22,29
3600.0,1023-728,18,1,new,s_2m3,2400.0,23,29
3995.0,1023-925,20,1,new,s_2m3,2005.0,24,29
2730.0,1023-758,12,1,new,s_3m3,3270.0,25,29
2855.0,1023-356,13,1,new,s_3m3,3145.0,26,29
3205.0,1023-923,15,1,new,s_2m8,2795.0,27,29
3210.0,1023-852,16,1,new,s_2m8,2790.0,28,29
3890.0,1023-337,19,1,new,s_2m3,2110.0,29,29
4205.0,1023-697,21,1,new,s_1m8,1795.0,30,29
4625.0,1023-536,22,1,new,waste,1375.0,31,29
